{"frameRate":24,"name":"main_hall_icon_effect_ksznn","version":"5.5","compatibleVersion":"5.5","armature":[{"type":"Armature","frameRate":24,"name":"main_hall_icon_effect_ksznn","aabb":{"x":77.5,"y":103.5,"width":379.5,"height":264},"bone":[{"name":"root","transform":{"scX":2,"scY":2}},{"length":26,"name":"bone","parent":"root","transform":{"x":135,"y":125}},{"length":14,"name":"jinbi-01","parent":"bone","transform":{"x":-86.5,"y":-55.9,"skX":-149.5637,"skY":-149.5637}},{"length":13,"name":"jinbi-02","parent":"bone","transform":{"x":84.3,"y":-6.4,"skX":-31.3287,"skY":-31.3287}},{"length":56,"name":"baoxiang","parent":"bone","transform":{"x":-10.85,"y":32.55,"skX":-90.6551,"skY":-90.6551}},{"length":25,"name":"niu_shen","parent":"bone","transform":{"x":6.2,"y":22.6,"skX":-71.8473,"skY":-71.8473}},{"length":35,"name":"bj","parent":"bone","transform":{"x":0.65,"skX":-89.0398,"skY":-89.0398}},{"length":66,"name":"kszqznn_mhlg_01","parent":"niu_shen","transform":{"x":19.5436,"y":-12.9325,"skX":71.8473,"skY":71.8473}},{"length":58,"name":"kszqznn_lg1_01","parent":"jinbi-01","transform":{"x":-102.8975,"y":-4.3774,"skX":149.5637,"skY":149.5637}},{"length":78,"name":"kszqznn_jbsg_00","parent":"baoxiang","transform":{"x":32.4238,"y":11.2214,"skX":90.6551,"skY":90.6551}},{"length":46,"name":"niu_tou","parent":"niu_shen","transform":{"x":27.5395,"y":7.2825,"skX":-17.3536,"skY":-17.3536}},{"length":76,"name":"kszqznn_mzsg_00","parent":"niu_tou","transform":{"x":-1.6025,"y":-21.6798,"skX":89.2009,"skY":89.2009}},{"name":"guangdian_xx","parent":"niu_tou","transform":{"x":18.3596,"y":0.2424,"skX":89.2009,"skY":89.2009}}],"slot":[{"name":"bj","parent":"bj"},{"name":"baoxiang","parent":"baoxiang"},{"blendMode":"add","displayIndex":7,"name":"kszqznn_jbsg_00","parent":"kszqznn_jbsg_00"},{"name":"jinbi-01","parent":"jinbi-01"},{"name":"jinbi-02","parent":"jinbi-02"},{"name":"niu_shen","parent":"niu_shen"},{"blendMode":"add","displayIndex":8,"name":"kszqznn_mhlg_01","parent":"kszqznn_mhlg_01"},{"name":"niu_tou","parent":"niu_tou"},{"blendMode":"add","name":"kszqznn_lg1_01","parent":"kszqznn_lg1_01"},{"blendMode":"add","displayIndex":2,"name":"kszqznn_mzsg_00","parent":"kszqznn_mzsg_00"},{"blendMode":"add","name":"guangdian_xx","parent":"guangdian_xx"}],"skin":[{"slot":[{"name":"niu_shen","display":[{"name":"kszqznn/niu_shen","transform":{"x":20.71,"y":6.68,"skX":71.85,"skY":71.85}}]},{"name":"kszqznn_jbsg_00","display":[{"name":"kszqznn_jbsg_00","transform":{"skX":90,"skY":90}},{"name":"kszqznn_jbsg_01"},{"name":"kszqznn_jbsg_02"},{"name":"kszqznn_jbsg_03"},{"name":"kszqznn_jbsg_04"},{"name":"kszqznn_jbsg_05"},{"name":"kszqznn_jbsg_06"},{"name":"kszqznn_jbsg_07"},{"name":"kszqznn_jbsg_08"},{"name":"kszqznn_jbsg_09"},{"name":"kszqznn_jbsg_10"},{"name":"kszqznn_jbsg_11"},{"name":"kszqznn_jbsg_12"},{"name":"kszqznn_jbsg_13"},{"name":"kszqznn_jbsg_14"},{"name":"kszqznn_jbsg_15"}]},{"name":"kszqznn_mzsg_00","display":[{"name":"kszqznn_mzsg_00"},{"name":"kszqznn_mzsg_01"},{"name":"kszqznn_mzsg_02"},{"name":"kszqznn_mzsg_03"},{"name":"kszqznn_mzsg_04"},{"name":"kszqznn_mzsg_05"},{"name":"kszqznn_mzsg_06"},{"name":"kszqznn_mzsg_07"},{"name":"kszqznn_mzsg_08"},{"name":"kszqznn_mzsg_09"},{"name":"kszqznn_mzsg_10"},{"name":"kszqznn_mzsg_11"},{"name":"kszqznn_mzsg_12"},{"name":"kszqznn_mzsg_13"},{"name":"kszqznn_mzsg_14"},{"name":"kszqznn_mzsg_15","transform":{"skX":-90,"skY":-90}}]},{"name":"baoxiang","display":[{"name":"kszqznn/baoxiang","transform":{"x":52.97,"y":6.96,"skX":90.66,"skY":90.66}}]},{"name":"jinbi-02","display":[{"name":"kszqznn/jinbi-02","transform":{"x":0.46,"y":2.51,"skX":31.33,"skY":31.33}}]},{"name":"bj","display":[{"name":"kszqznn/bj","transform":{"x":-0.01,"y":-0.65,"skX":89.04,"skY":89.04}}]},{"name":"guangdian_xx","display":[{"name":"guangdian_xx","transform":{"x":0.22,"y":-0.21}}]},{"name":"niu_tou","display":[{"name":"kszqznn/niu_tou","transform":{"x":44.75,"y":3.18,"skX":89.2,"skY":89.2}}]},{"name":"jinbi-01","display":[{"name":"kszqznn/jinbi-01","transform":{"x":0.86,"y":-4.45,"skX":149.56,"skY":149.56}}]},{"name":"kszqznn_mhlg_01","display":[{"name":"kszqznn_mhlg_01"},{"name":"kszqznn_mhlg_02"},{"name":"kszqznn_mhlg_03"},{"name":"kszqznn_mhlg_04"},{"name":"kszqznn_mhlg_05"},{"name":"kszqznn_mhlg_06"},{"name":"kszqznn_mhlg_07"},{"name":"kszqznn_mhlg_08"},{"name":"kszqznn_mhlg_09"},{"name":"kszqznn_mhlg_10"},{"name":"kszqznn_mhlg_11"},{"name":"kszqznn_mhlg_12"},{"name":"kszqznn_mhlg_13"},{"name":"kszqznn_mhlg_14"}]},{"name":"kszqznn_lg1_01","display":[{"name":"kszqznn_lg1_01","transform":{"skX":90,"skY":90}},{"name":"kszqznn_lg1_02"},{"name":"kszqznn_lg1_03"},{"name":"kszqznn_lg1_04"},{"name":"kszqznn_lg1_05"},{"name":"kszqznn_lg1_06"},{"name":"kszqznn_lg1_07"},{"name":"kszqznn_lg1_08"},{"name":"kszqznn_lg1_09"},{"name":"kszqznn_lg1_10"},{"name":"kszqznn_lg1_11"},{"name":"kszqznn_lg1_12"},{"name":"kszqznn_lg1_13"},{"name":"kszqznn_lg1_14"}]}]}],"animation":[{"duration":80,"playTimes":0,"name":"main_hall_icon_effect_ksznn","bone":[{"name":"jinbi-01","translateFrame":[{"duration":20,"tweenEasing":0},{"duration":20,"tweenEasing":0,"x":5.02,"y":3.76},{"duration":20,"tweenEasing":0},{"duration":20,"tweenEasing":0,"x":5.02,"y":3.76},{"duration":0}]},{"name":"niu_shen","translateFrame":[{"duration":40,"tweenEasing":0},{"duration":40,"tweenEasing":0,"y":-3.6},{"duration":0}]},{"name":"niu_tou","rotateFrame":[{"duration":40,"tweenEasing":0},{"duration":40,"tweenEasing":0,"rotate":-6},{"duration":0}]},{"name":"jinbi-02","translateFrame":[{"duration":20,"tweenEasing":0},{"duration":20,"tweenEasing":0,"y":-8.6},{"duration":20,"tweenEasing":0},{"duration":20,"tweenEasing":0,"y":-8.6},{"duration":0}]},{"name":"baoxiang","translateFrame":[{"duration":40,"tweenEasing":0},{"duration":40,"tweenEasing":0,"y":-4.18},{"duration":0}]},{"name":"guangdian_xx","rotateFrame":[{"duration":57,"tweenEasing":0,"rotate":-79.2},{"duration":21,"tweenEasing":0,"rotate":-79.2},{"duration":2,"rotate":90.8}],"scaleFrame":[{"duration":57,"tweenEasing":0,"x":0.01,"y":0.01},{"duration":6,"tweenEasing":0,"x":0.01,"y":0.01},{"duration":9,"tweenEasing":0},{"duration":6,"tweenEasing":0},{"duration":2,"x":0.01,"y":0.01}]}],"slot":[{"name":"kszqznn_jbsg_00","displayFrame":[{"duration":36,"value":-1},{"duration":2},{"duration":2,"value":1},{"duration":2,"value":2},{"duration":2,"value":3},{"duration":2,"value":4},{"duration":2,"value":5},{"duration":2,"value":6},{"duration":2,"value":7},{"duration":2,"value":8},{"duration":2,"value":9},{"duration":2,"value":10},{"duration":2,"value":11},{"duration":2,"value":12},{"duration":2,"value":13},{"duration":2,"value":14},{"duration":2,"value":15},{"duration":12,"value":-1}]},{"name":"kszqznn_mhlg_01","displayFrame":[{"duration":2,"value":-1},{"duration":2},{"duration":2,"value":1},{"duration":2,"value":2},{"duration":2,"value":3},{"duration":2,"value":4},{"duration":2,"value":5},{"duration":2,"value":6},{"duration":2,"value":7},{"duration":2,"value":8},{"duration":2,"value":9},{"duration":2,"value":10},{"duration":2,"value":11},{"duration":2,"value":12},{"duration":2,"value":13},{"duration":50,"value":-1}]},{"name":"kszqznn_lg1_01","displayFrame":[{"duration":8},{"duration":2,"value":-1},{"duration":2},{"duration":2,"value":1},{"duration":2,"value":2},{"duration":2,"value":3},{"duration":2,"value":4},{"duration":2,"value":5},{"duration":2,"value":6},{"duration":2,"value":7},{"duration":2,"value":8},{"duration":2,"value":9},{"duration":2,"value":10},{"duration":2,"value":11},{"duration":2,"value":12},{"duration":2,"value":13},{"duration":42,"value":-1}]},{"name":"kszqznn_mzsg_00","displayFrame":[{"duration":22,"value":-1},{"duration":2},{"duration":2,"value":1},{"duration":2,"value":2},{"duration":2,"value":3},{"duration":2,"value":4},{"duration":2,"value":5},{"duration":2,"value":6},{"duration":2,"value":7},{"duration":2,"value":8},{"duration":2,"value":9},{"duration":2,"value":10},{"duration":2,"value":11},{"duration":2,"value":12},{"duration":2,"value":13},{"duration":2,"value":14},{"duration":2,"value":15},{"duration":26,"value":-1}]}]}],"defaultActions":[{"gotoAndPlay":"main_hall_icon_effect_ksznn"}],"canvas":{"x":270,"y":250,"width":540,"height":500}}]}