{"imagePath":"main_hall_icon_effect_ksznn_tex.png","SubTexture":[{"x":1,"y":1,"width":250,"name":"kszqznn/bj","height":235},{"x":253,"y":1,"width":187,"name":"kszqznn/baoxiang","height":166},{"frameY":-73,"y":208,"frameWidth":250,"height":49,"frameHeight":235,"width":58,"name":"kszqznn_jbsg_08","frameX":-77,"x":366},{"frameY":-70,"y":283,"frameWidth":250,"height":23,"frameHeight":235,"width":36,"name":"kszqznn_jbsg_01","frameX":-99,"x":56},{"frameY":-70,"y":281,"frameWidth":250,"height":28,"frameHeight":235,"width":42,"name":"kszqznn_jbsg_02","frameX":-93,"x":116},{"frameY":-71,"y":67,"frameWidth":250,"height":50,"frameHeight":235,"width":57,"name":"kszqznn_jbsg_07","frameX":-78,"x":442},{"frameY":-79,"y":238,"frameWidth":250,"height":43,"frameHeight":235,"width":58,"name":"kszqznn_jbsg_10","frameX":-77,"x":56},{"frameY":-103,"y":308,"frameWidth":250,"height":19,"frameHeight":235,"width":31,"name":"kszqznn_jbsg_15","frameX":-77,"x":33},{"frameY":-70,"y":278,"frameWidth":250,"height":33,"frameHeight":235,"width":48,"name":"kszqznn_jbsg_03","frameX":-88,"x":175},{"frameY":-76,"y":310,"frameWidth":250,"height":46,"frameHeight":235,"width":56,"name":"kszqznn_jbsg_09","frameX":-77,"x":424},{"frameY":-70,"y":238,"frameWidth":250,"height":41,"frameHeight":235,"width":57,"name":"kszqznn_jbsg_05","frameX":-79,"x":116},{"frameY":-70,"y":283,"frameWidth":250,"height":17,"frameHeight":235,"width":28,"name":"kszqznn_jbsg_00","frameX":-106,"x":483},{"frameY":-73,"y":259,"frameWidth":250,"height":49,"frameHeight":235,"width":57,"name":"kszqznn_jbsg_13","frameX":-77,"x":424},{"frameY":-70,"y":259,"frameWidth":250,"height":50,"frameHeight":235,"width":56,"name":"kszqznn_jbsg_06","frameX":-79,"x":366},{"frameY":-74,"y":238,"frameWidth":250,"height":48,"frameHeight":235,"width":53,"name":"kszqznn_jbsg_14","frameX":-77,"x":1},{"frameY":-73,"y":208,"frameWidth":250,"height":49,"frameHeight":235,"width":58,"name":"kszqznn_jbsg_12","frameX":-77,"x":426},{"frameY":-70,"y":238,"frameWidth":250,"height":38,"frameHeight":235,"width":55,"name":"kszqznn_jbsg_04","frameX":-81,"x":175},{"frameY":-74,"y":119,"frameWidth":250,"height":48,"frameHeight":235,"width":58,"name":"kszqznn_jbsg_11","frameX":-77,"x":442},{"x":482,"y":310,"width":27,"name":"kszqznn/jinbi-01","height":28},{"x":1,"y":288,"width":30,"name":"kszqznn/jinbi-02","height":24},{"x":366,"y":169,"width":124,"name":"kszqznn/niu_shen","height":37},{"frameY":-124,"y":308,"frameWidth":250,"height":20,"frameHeight":235,"width":21,"name":"kszqznn_mhlg_07","frameX":-166,"x":66},{"frameY":-114,"y":313,"frameWidth":250,"height":10,"frameHeight":235,"width":12,"name":"kszqznn_mhlg_14","frameX":-178,"x":210},{"frameY":-120,"y":283,"frameWidth":250,"height":23,"frameHeight":235,"width":20,"name":"kszqznn_mhlg_06","frameX":-165,"x":94},{"frameY":-114,"y":281,"frameWidth":250,"height":17,"frameHeight":235,"width":13,"name":"kszqznn_mhlg_13","frameX":-178,"x":160},{"frameY":-114,"y":208,"frameWidth":250,"height":25,"frameHeight":235,"width":19,"name":"kszqznn_mhlg_05","frameX":-165,"x":486},{"frameY":-114,"y":329,"frameWidth":250,"height":23,"frameHeight":235,"width":17,"name":"kszqznn_mhlg_12","frameX":-178,"x":89},{"frameY":-114,"y":340,"frameWidth":250,"height":24,"frameHeight":235,"width":19,"name":"kszqznn_mhlg_04","frameX":-166,"x":482},{"frameY":-113,"y":330,"frameWidth":250,"height":19,"frameHeight":235,"width":20,"name":"kszqznn_mhlg_03","frameX":-166,"x":56},{"frameY":-114,"y":169,"frameWidth":250,"height":26,"frameHeight":235,"width":18,"name":"kszqznn_mhlg_11","frameX":-178,"x":492},{"frameY":-120,"y":278,"frameWidth":250,"height":21,"frameHeight":235,"width":20,"name":"kszqznn_mhlg_10","frameX":-176,"x":225},{"frameY":-114,"y":303,"frameWidth":250,"height":15,"frameHeight":235,"width":14,"name":"kszqznn_mhlg_02","frameX":-172,"x":249},{"frameY":-114,"y":83,"frameWidth":250,"height":9,"frameHeight":235,"width":10,"name":"kszqznn_mhlg_01","frameX":-176,"x":501},{"frameY":-122,"y":259,"frameWidth":250,"height":22,"frameHeight":235,"width":22,"name":"kszqznn_mhlg_09","frameX":-173,"x":483},{"frameY":-127,"y":350,"frameWidth":250,"height":17,"frameHeight":235,"width":22,"name":"kszqznn_mhlg_08","frameX":-172,"x":1},{"x":253,"y":169,"width":111,"name":"kszqznn/niu_tou","height":109},{"frameY":-58,"y":329,"frameWidth":250,"height":17,"frameHeight":235,"width":24,"name":"kszqznn_lg1_07","frameX":-28,"x":30},{"frameY":-52,"y":302,"frameWidth":250,"height":19,"frameHeight":235,"width":14,"name":"kszqznn_lg1_03","frameX":-22,"x":346},{"frameY":-53,"y":280,"frameWidth":250,"height":8,"frameHeight":235,"width":9,"name":"kszqznn_lg1_01","frameX":-23,"x":355},{"frameY":-51,"y":300,"frameWidth":250,"height":9,"frameHeight":235,"width":10,"name":"kszqznn_lg1_14","frameX":-24,"x":160},{"frameY":-49,"y":303,"frameWidth":250,"height":12,"frameHeight":235,"width":22,"name":"kszqznn_lg1_12","frameX":-23,"x":225},{"frameY":-50,"y":308,"frameWidth":250,"height":19,"frameHeight":235,"width":22,"name":"kszqznn_lg1_10","frameX":-29,"x":89},{"frameY":-53,"y":311,"frameWidth":250,"height":21,"frameHeight":235,"width":19,"name":"kszqznn_lg1_04","frameX":-22,"x":113},{"frameY":-51,"y":238,"frameWidth":250,"height":23,"frameHeight":235,"width":18,"name":"kszqznn_lg1_09","frameX":-34,"x":232},{"frameY":-49,"y":332,"frameWidth":250,"height":16,"frameHeight":235,"width":25,"name":"kszqznn_lg1_11","frameX":-24,"x":1},{"frameY":-59,"y":314,"frameWidth":250,"height":16,"frameHeight":235,"width":27,"name":"kszqznn_lg1_06","frameX":-24,"x":1},{"frameY":-54,"y":348,"frameWidth":250,"height":21,"frameHeight":235,"width":18,"name":"kszqznn_lg1_08","frameX":-34,"x":28},{"frameY":-50,"y":263,"frameWidth":250,"height":10,"frameHeight":235,"width":16,"name":"kszqznn_lg1_13","frameX":-24,"x":232},{"frameY":-52,"y":67,"frameWidth":250,"height":14,"frameHeight":235,"width":10,"name":"kszqznn_lg1_02","frameX":-22,"x":501},{"frameY":-54,"y":235,"frameWidth":250,"height":20,"frameHeight":235,"width":22,"name":"kszqznn_lg1_05","frameX":-23,"x":486},{"frameY":-37,"y":291,"frameWidth":250,"height":9,"frameHeight":235,"width":10,"name":"kszqznn_mzsg_15","frameX":-173,"x":354},{"frameY":-34,"y":292,"frameWidth":250,"height":9,"frameHeight":235,"width":36,"name":"kszqznn_mzsg_06","frameX":-126,"x":247},{"frameY":-36,"y":303,"frameWidth":250,"height":10,"frameHeight":235,"width":15,"name":"kszqznn_mzsg_14","frameX":-168,"x":265},{"frameY":-34,"y":291,"frameWidth":250,"height":9,"frameHeight":235,"width":35,"name":"kszqznn_mzsg_05","frameX":-121,"x":317},{"frameY":-35,"y":288,"frameWidth":250,"height":11,"frameHeight":235,"width":20,"name":"kszqznn_mzsg_13","frameX":-163,"x":33},{"frameY":-34,"y":302,"frameWidth":250,"height":10,"frameHeight":235,"width":31,"name":"kszqznn_mzsg_04","frameX":-120,"x":285},{"frameY":-34,"y":302,"frameWidth":250,"height":10,"frameHeight":235,"width":26,"name":"kszqznn_mzsg_03","frameX":-120,"x":318},{"frameY":-34,"y":369,"frameWidth":250,"height":12,"frameHeight":235,"width":25,"name":"kszqznn_mzsg_12","frameX":-158,"x":1},{"frameY":-34,"y":313,"frameWidth":250,"height":10,"frameHeight":235,"width":20,"name":"kszqznn_mzsg_02","frameX":-120,"x":171},{"frameY":-34,"y":280,"frameWidth":250,"height":12,"frameHeight":235,"width":30,"name":"kszqznn_mzsg_11","frameX":-152,"x":285},{"frameY":-34,"y":313,"frameWidth":250,"height":10,"frameHeight":235,"width":15,"name":"kszqznn_mzsg_01","frameX":-120,"x":193},{"frameY":-34,"y":311,"frameWidth":250,"height":11,"frameHeight":235,"width":35,"name":"kszqznn_mzsg_10","frameX":-147,"x":134},{"frameY":-35,"y":197,"frameWidth":250,"height":9,"frameHeight":235,"width":10,"name":"kszqznn_mzsg_00","frameX":-120,"x":492},{"frameY":-34,"y":351,"frameWidth":250,"height":10,"frameHeight":235,"width":36,"name":"kszqznn_mzsg_09","frameX":-142,"x":48},{"frameY":-34,"y":280,"frameWidth":250,"height":10,"frameHeight":235,"width":36,"name":"kszqznn_mzsg_08","frameX":-136,"x":247},{"frameY":-34,"y":280,"frameWidth":250,"height":9,"frameHeight":235,"width":36,"name":"kszqznn_mzsg_07","frameX":-131,"x":317},{"x":442,"y":1,"width":64,"name":"guangdian_xx","height":64}],"width":512,"name":"main_hall_icon_effect_ksznn","height":512}